address,maxClaimable,price
0x0000005D3584925BFE774d112B623469533d1655,1,0
0x000361cB0078b5567A59FDD4e395D89042D2Ba5E,1,0
0x000bE6EA15efe5e7dE25314Bf6E818Cd5a64CB20,1,0
0x0019545C100c3441C4E9D40f24478FBFFA53fd8A,1,0
0x0065Ad1f7F309f2184c499000CE068d84714dBF7,1,0
0x0087B8616714e74d681430bf4F9A1189965bB16F,1,0
0x00A63087446564108E0DF27F5c26bbfa886B98CD,1,0
0x00c63130ed93977f50FB5Ee52f5BeE0dF02b15B1,1,0
0x0119DE85D18A4aA8Ee92bC025bFda33Ae0d0Fc68,1,0
0x0138218C7d775474202af17Fda3BF4824341839d,1,0
0x015B94E593ad6250C4663C03D97cB7411Bd148C6,1,0
0x0186a9aA28b0a0D0466627F267BbFfd06ab20CbE,1,0
0x0221641ad96390F9Ca8c8f0F9FEe001Fbc4bD031,1,0
0x023A6b45FAd163368BD8d9925c957D1e3eE17329,1,0
0x02856faDF19fDd7049a981885a575D962135Fa8b,1,0
0x028835d164DDF9b64c81173fC92FAD6c122FD11a,1,0
0x029339aDd846102f847B409cA425F232B60f0a80,1,0
0x02D9d71050F22F1FfCFc08544C098e1970ddc53A,1,0
0x02FdED18dc9724BB6D94401600A6206Ba34923ef,1,0
0x0379ed895F8b2DB1bA771ECDDEE2839E1539fe18,1,0
0x03dBa6559900418Bf7ea06a8582a1C7AD7a57e7a,1,0
0x03F873E351c7708f2611479B4bC33818C3a015be,1,0
0x046786EeAcdAE3707b70486D0e376a8F7E138e48,1,0
0x04738A5218560E7c8aa8fceF38c2B18dAb4A95dD,1,0
0x055DBb588a91502D81e3D51571bD32AeB12D347E,1,0
0x058FD36A48e1C9980B34b41eaC8a46C3EAF19A41,1,0
0x05a588Ba793b64Ae6b74a74Fc86eE1C33f6c5742,1,0
0x05a5Afc4d5A890Bde3A61506dC3085b83f78Dc05,1,0
0x05cA57b3138AE70AA40F1bf25ff7e9475eC5aD97,1,0
0x05Ca595c01ed009Ab4f32ba0E8daF309Aa4c9509,1,0
0x068748648DE1AFF79f8045a3E0B74b6f227f5837,1,0
0x06b4F02100E6757Bb3D21291b541bbAA80F6eC90,1,0
0x06c792c9d78A8eed0F7130a83f3adBE0a7B10F25,1,0
0x06E3cEA7a4413A27c7276D2C4406226C880a3C90,1,0
0x06E5A37CbC38190791F38eBfdE06426Aa37200da,1,0
0x07022938e17988D2DF8FAC3bc3bb44422a8afafE,1,0
0x0746900D4234Faa3CBe1a4E94EE6BC381dcF4B5C,1,0
0x0750168Bfecbed7777451a9AF874B33BBed51890,1,0
0x0774c01bccdE4FC0040845b19C1Cd1b86aaD5365,1,0
0x078458e828BcF4D509F296291649574105aF75B7,1,0
0x0856d4FE8C12A2C3F00d7cE01171cD78E5AC3b6F,1,0
0x0860c0e025ba87FeE6E6af283034E3Ab9C0Ef756,1,0
0x089B42092B06348b2CC2241012bA24Dd3058921C,1,0
0x092aB54205F438ED5b6ef92cA3Fd5E299a5417c3,1,0
0x0944B3536D0a430a3355eB5d0aBccbBd2ef2683b,1,0
0x094c71E77EBf7ae9403bA4BEDAE74fE2483C3625,1,0
0x098FD5e9eb1a24b12000A1497706c9e85b7A6458,1,0
0x09C6230e43aCDF4aA89CCAB18C5cFD3F780459B7,1,0
0x09E4a21b03605D80DD21E53E086353a494F6Af04,1,0
0x0A16FC27ABDA97f1f2de5D6E0336738Ef503bC4F,1,0
0x0A87fF9D6B6Dec7452f0b470eb4aedcfA2c1D44e,1,0
0x0aBA973bA5Fac4Fc20c3Ad7047fBC992611583d4,1,0
0x0bCFA77F1E1042dC67B288dDbFd217428448480c,1,0
0x0bE110dCA28E4093fB5BAC1482980079d1409E69,1,0
0x0c0c0f538C1D869a9682D94d26fb973f1a8c192e,1,0
0x0C3Dc4ab7c446c8Ad448B8037955aDf4f76C239A,1,0
0x0c6442D9dDe889c245c4fC10Ff1D9033B5eEDEFE,1,0
0x0CaF99F443eB5462427561067dbf3FEe53e5fD1f,1,0
0x0CD7941070Dc4ed3e67b56774f1648504812fabE,1,0
0x0d150c74191cCACd642A9e4f4cD661831014EB00,1,0
0x0d19a35BA6FD888A3Bc37FdBC3f32E77f896a1a9,1,0
0x0D36F020293cED226c1777a3A8c077C13095d944,1,0
0x0D421b61B42433876cDE49D84f46757D4a633199,1,0
0x0Dc2B837705eCaAF54acFa06c6812eBFEe112AE4,1,0
0x0dcd149D8a0Bd20305E848DEc11E7A568f7B9209,1,0
0x0Dff98053ef265671fcFcF1D71DFDC17001454Eb,1,0
0x0e54E94D8A48455985859C2eb701EaD03594D901,1,0
0x0e978A55b63b6f2deCf629Fe3431156A7Ccbfff8,1,0
0x0E9B063789909565CEdA1Fba162474405A151E66,1,0
0x0E9BEEe0eebd1e1b1E49E2d6011Cfd0b59bb79C3,1,0
0x0Eb2AF6717757b60Abf00e717366629d1C8D09ac,1,0
0x0Ee051a4B9BDb3E1269EC4844CFd32c927F7aBdd,1,0
0x0f14588c202d216EE5731de905390516F5714E95,1,0
0x0f193b940E0E1779f09c3ce34E7f01bc8E80aC6E,1,0
0x0F1B17E82E73c2d49dBC9e7EF7dDF5D7db0639ff,1,0
0x0F2a4b2f2971a0ccDa156a24426A1df5f40B0eE7,1,0
0x0F8a2298Bb31e3399083b398f945fE1Bb1DEEbeb,1,0
0x0fcC9283D7589553AbC3F4b7aeD4aDF52b2F2d4e,1,0
0x102407F67415dCc4068370625Ca27F24bB2A03d5,1,0
0x109c14d364eDE3700625c0c841C41eF4208CC7A5,1,0
0x118e17B405450bacf3925Ab56D2C485f2FFd02Af,1,0
0x11969A7462E63f604A84219373206FfbbA597bC7,1,0
0x11D1b508b6e7026100F458f8F0EeA67554a49088,1,0
0x11f3c0E9Cf75e697f05accC1b24ad8A13B556e42,1,0
0x123C6D7D6d0A15BcCf7204bb5F5Dd6eaAFb8871E,1,0
0x12485ce404C16E5C5415C51fF5bCB4D7f2EFA1a2,1,0
0x12a102Ad7cC77dad19976215dfe2777f4d0D1A33,1,0
0x12cB5f585bC8E383cD1a2E277dFA77E981Ab9aC2,1,0
0x1307ab404e65818318F9590fFD63ea8Ff1720c8a,1,0
0x13bb9D8559d98C1221F0aC63328d25413f1c8022,1,0
0x13EE651fb3B921e9403be3C28E07f187A2bAa7B8,1,0
0x14378fAaEe072ddb8D97CC447215F346d3F215aD,1,0
0x147f138fc56629622c77f0D6c126925D55E79fF2,1,0
0x152BC4D820a36e4d3F76C66ac5AD4EA5D5E9357C,1,0
0x1536cb51F3bD9c52C6361ABA10926aE8D4DB5698,1,0
0x155A53d0c1b8B4Aa0AE77116F968BCA8c8e7230d,1,0
0x15De543AC988C7923441c0e3f390c9a61d333e07,1,0
0x166516AB48afEdD5621c9c6dBa9E4BdAe806c47d,1,0
0x17038593A0721326F7BAc43BA43B12745dE011aE,1,0
0x174221F616A6A2e62c191FC6FEb3B89b581D1b86,1,0
0x17564734b5225fD427c227BEB8E349663699B477,1,0
0x178e1a232bE1cB2eEa82D091215268C4215335Ca,1,0
0x188697f39E2eC9e6E3C5Fd5cBB36b8C01C81a53f,1,0
0x18Ee48D47e421B8A0f1f035B4f47970264b770EC,1,0
0x18F37350b7A64deA310d397D926c1751f67c9Da2,1,0
0x18Ffe0eF3ab518d59E29d672FDdEF0d0131578A0,1,0
0x1956455E9a77936aE57e6123899EdC84B15f9cbD,1,0
0x1978843EcFe37aA75FE184dBB4B22103e0D40555,1,0
0x197d1787FE64Ada260cF4215B71dCBD85656De58,1,0
0x19b97B896C241Fc39852b1BC0EdE5364a5B011f7,1,0
0x1A1E4708FCe01d805d6Ea468E3C1EF9D1106b1B5,1,0
0x1aa4d39d43825635E22D3AF97ACca25Cb04B3439,1,0
0x1aAd8b554a97D2b931602D92fEE2744ad699b8A1,1,0
0x1Bc5e8317458099E96BCd30fEBDEf8Eb3ecB5147,1,0
0x1BE9216574D4EaC3CC9B3585F6EfbDCD4C7C8676,1,0
0x1C1213A121491A99a5cC9c9CE269e3de2153F481,1,0
0x1C670dc214de4819730e7305703ec8C986B8C7fc,1,0
0x1D0429CdE9ec24e438D49c6EE40b6A69D9ee8D98,1,0
0x1D166e01d32C253999ef5301E2BdeA2964880774,1,0
0x1D1A547B52f26Cb7041065544836FBFA8043b6Da,1,0
0x1d3DFA884dB03A06A79f5c83834Fe65F7DDd10Bf,1,0
0x1D3E52C1217458697291A6839C8aA3669F60239E,1,0
0x1Db805F2F7a9a07d524383bEFDac6fFa05D7b74D,1,0
0x1De75Eaa0812a3073d710E3006f6Dd87a816F9CC,1,0
0x1e0984a87786e4aE477a1e7ee14E49CfE836b976,1,0
0x1E66Ac7F97E77036BaB152AF329C7a5A541F2366,1,0
0x1E69fDC52771ff8D8bdE8afb68FD6321781bf534,1,0
0x1eEBeD2edFBEF6D35CCCA347AeB40335a0232D86,1,0
0x1f033cA633C81ebeeE968F6935F1031a8D58E209,1,0
0x1f8231Ef50E99D361B5252A24EC2eC44285367e1,1,0
0x1F8e8AD4A0F7a8aB0d8cB27b5AaccBb110566b9f,1,0
0x1FE61a978B3e65d86280751DFE12a4f693dC9C60,1,0
0x2098f83f7683Ec224d5E7E77294AbcAA1b10fAf1,1,0
0x2100041Dab613b81f1F60A3d13080CD7f55042ff,1,0
0x21005E2cFd76ce154B628A62f120D9B0EA3b4cD2,1,0
0x2162DADa9D8DACe3391d8E0C2BaeC50897F61195,1,0
0x21dad2b1d6401B0d1D20b752904D4388a4a403c5,1,0
0x2204464061Dd3Fec8E45B677308e9e100B49cdCA,1,0
0x2245C733dD052343b60f44130A25C9F574A696d4,1,0
0x224654f927341d645B3d71020eBcD587E82C6Df5,1,0
0x2252028ec5598b9382bD842496ae6AfdB3C5e26B,1,0
0x22A93539E28418b7E481D6Ad3b288570E349270c,1,0
0x22b0fA752Fa64a0aC0a95590C8f9Db8c29Acc4D1,1,0
0x22B92f9d231b48D23393319604BA6A2C73b19f0A,1,0
0x23296915893ceeD47b13Fd65b91640406FD362bf,1,0
0x232f8c2FccBc03cDCB4ea9e157E4253A7A5a5212,1,0
0x2334EC8a28513201c9a0f1a8f48453030Bd880bb,1,0
0x23384FB02e4D70C357FE977AD742DDa8ab08CD76,1,0
0x235dcC40078ae6aEDe7766000f38A962a83bcB13,1,0
0x2395253D851Cf19C2A72167Cd104EACAFD9D74Fc,1,0
0x23B7AC76707503a79acCDC8e045B4Cb9cF277A87,1,0
0x23f87706C64D2852326ab611BebFd4F4B9F6462f,1,0
0x2416F54Ad935Bd48eb2966014bd479D32731B0C1,1,0
0x2442dEc8C1B253E6c389214256350201C92f2B76,1,0
0x2442Ec1AB90B6faAd424999bC6E15FB419b44FE7,1,0
0x24790F2b7fc6FE091f13b4a033b7dbba5D75A824,1,0
0x2481418E197486ba141A62Bb7EFA9D9cA15cAed6,1,0
0x248a9d04E22E08410a7059D59D54346836c14eD4,1,0
0x24A976d6D462217A358FD0ae32FfA3e6e701af68,1,0
0x24b705362cA111D52363d604bF2a7200000944a6,1,0
0x24F5cB4D0846395c629032eB2dEB759eCc251846,1,0
0x251d399A6F3AaD451a66cFc14211DF98804f8ea2,1,0
0x25B1300c94e09FF734eCA4A918EDF2709a836d2e,1,0
0x25F67793A1BFb1Bc2dC7acb1b8793f078d939354,1,0
0x2611987767Aee554Dc5BBD9C8D0622739a433804,1,0
0x262Dc8C2F035603Dc59741A4f4ad576dEA27eE4A,1,0
0x26434CB4dd0D65764e157E91367a707e8840E401,1,0
0x268703Ed376f7Ef210bBa3A8C4bc7B75AD63C630,1,0
0x2692413e283367eBd8e230eD3E306665887F76e4,1,0
0x26aD1B14Bc398bD341f61D5886756CB674Bb7B88,1,0
0x2719e4c5F93224F02D7B0cA9F86894A98F49e21B,1,0
0x275076d6ad46091e4807532F266020aD1Ead4912,1,0
0x2758F6929c3A480B4405799297C9825C663C92B5,1,0
0x275b47e023911109E1d71Eeb0f42E2E0c90cCd8a,1,0
0x2776645139223CB47fAF67fD96FF774afD271c17,1,0
0x2820A2b534eC948412699074389EDF8aab88aD30,1,0
0x2860bA3341E97E9B5b791a5b3bE6cf3df8f4A2cd,1,0
0x29054af0bc244f8801a6f073c56AA7d926511EFE,1,0
0x2938865D32f71Bf033ADE022F86B4b2c346d96dD,1,0
0x29648A58B6F061535Da24cf71732193D57d4D4C8,1,0
0x29Cd42C08B87Ce6AbEc395c3C771f89DB1EE94fb,1,0
0x29F42049C099572544E0EB09cbc8B6695E4A1C42,1,0
0x2a05C16814220b3AC070b01b97F48d322c131dB4,1,0
0x2a44B49d80353DC2B5d18124Def83539467Eb62D,1,0
0x2abA9748847C54F8B4bf28174503B3A14BaDCC47,1,0
0x2AEaAE57D7799E15ad1b1CA3EbafE9B9044a2e8f,1,0
0x2B18Cb0b45bC51f45e7a9b6E601F03c030647978,1,0
0x2B49eb913E5D5d82Ae3c7145577F24E9a7615d39,1,0
0x2b6Dc9b3364f1B3e0084594F26C45a4e9654Df7e,1,0
0x2BB9B93Baf8fb9562441d511397ACF8defFFa012,1,0
0x2bD5b791C6152DC5BCE61BF895A79d77b0eda8Fc,1,0
0x2C1c97d6392a8Da291C6CCd29181Faf0443F11b5,1,0
0x2C2Dcad5C17b73DE59aaE25218F5ba37eAe3a2a2,1,0
0x2C3069Fb029eB19dFb65e0d6F168D70048713Ebb,1,0
0x2D1a0F69ea53d61b4f74648Ca1db523610784406,1,0
0x2D646F2391844baa00d381C4c078d1F5542395aA,1,0
0x2d6B2A69C8740ed89623384247772c264B8cdE35,1,0
0x2D7F7D28Dfd2Db47218Ea3C938edF5A3F4bA5706,1,0
0x2d832b4E4B39208109f4a6FFAfEAAf4D6c63B57f,1,0
0x2dF81c01A54384d289396d217c632E8147a3C28a,1,0
0x2e18d7645C2503f15Bf74D397f7D94756bB4f9BA,1,0
0x2E6fc5eF2e46596d75B5C5151cf06522594F492E,1,0
0x2EBa0a5d03b07af80e4E4ACe3bBFFE3A7d956bcB,1,0
0x2ED71aEd91b73BE0d6fd3aD1Bf45f2A6731968c4,1,0
0x2F565f23282d1faF410aecc913C7da2Be63D8645,1,0
0x2f81705506434D6970E46D0f390650C69C7e4027,1,0
0x2fd8d4Ca69FF0d2405A553398B0C7A530120D46c,1,0
0x2fD962123D9C2de40606a6aaFcF9846FE95170Af,1,0
0x301a932d3FABA362fd5fE592039F74658DC0945A,1,0
0x3054e1986fe5faa920CFae137f711f66F82cDE07,1,0
0x30c0a25EAb7EC35d55Db344596cd53f0bF8228c3,1,0
0x30d83d444E230F652e2c62cb5697C8DaD503987b,1,0
0x312B273aF0611B513768C2c21597a8F7114E3733,1,0
0x314ff503589562710CF613acd03e1eA3E7060A0A,1,0
0x3238e4dbb25EFEFc5d00624F949bc40e719a6F27,1,0
0x32573ec9734A1054cd0E35F0e28314e688089138,1,0
0x327140FF891b74bd65E4A0E4f601279ac0Bd6A77,1,0
0x32B3f9831C8eDbB70d1cb542c13AC5dA0035A7a7,1,0
0x33129b261a2ffE41d8eE0C9f03B6339AB02Bd282,1,0
0x339B9dB6296aE0983630e3F2D5d69135Da914350,1,0
0x33a5cdbfF5C860954c0ef510e5160b7804DD68e2,1,0
0x33C6BA68854D8d0f936BE3999fDf2C8e90A75e70,1,0
0x33ea9CD120bD15B91DA747B199dc78E35F5Cc0c4,1,0
0x33F8EfEbeD89F35cB9481197c17294c4573BdB1b,1,0
0x3432cf52Fcd1E05DbB4cfba82c63A5E2A84625A9,1,0
0x348ec19d87f5aD9Cb5aa7e3f135e0219D5D1747D,1,0
0x34f15511b674AA1d9a7e5fD72FAb9EA25956B003,1,0
0x350B129f39226EB42C739CB90ec79bA087b0049B,1,0
0x35226E78809a5DaE4562B0B1fC4cf96cdb6A01A8,1,0
0x3533A6020622560B8A794c752978d1C34b618333,1,0
0x353eec75b0868A42373512DF01A7C26679E9f709,1,0
0x3619d688ae1Db7e13A285C1c004faFB6FCDc1b6c,1,0
0x384b5d29C5C352f736e3F1e0C4f6d079C4Dc2ce6,1,0
0x384dF1F240e455954D1b9C2762442b353aEF3c91,1,0
0x3876A52cCF613d60D5594575111DF78F71177086,1,0
0x38aF57582117bBaAfd06EA1C50108e6B154796f3,1,0
0x38b8e98899c8F0FcEE8A052f3B7D28CA2097cCD2,1,0
0x3946bc29197BF793CB796243109b39b019c3fC00,1,0
0x39C2bdf8f9EEfD360e3cEB50271d714a60d5DED4,1,0
0x3A27AdFDDE1d917984A9169d25e832EADCb5B996,1,0
0x3a995d7B1b5AaaF3d1DE814Db2cD5B568cAE1B55,1,0
0x3aafE8Ce657D334fA7Aa81A895D4504a5e35fF52,1,0
0x3B0A26d7D14F8D80b78d8A6d2bf2635981cE2c80,1,0
0x3B1925168A10632760C4fF9DDac7B6Ee7BD476ab,1,0
0x3b82328B4E7c76C1FC05D65565015719cdfb2450,1,0
0x3c0E0842368CcB8340C14bD89Db673FfdeF77Caa,1,0
0x3C5501066f049bf00d4C851FAD3EE345c8961484,1,0
0x3C7d5bB537AbAe440e0Abe552342F422a4B1e6c1,1,0
0x3c97BCdE6D09BCF8a5F1FD9Ac3537cE466CfB1dc,1,0
0x3CbD11B273945344a7CB642D4C17b9434A23efDa,1,0
0x3d124F86a603B9EC52e797e3C50A83ECae6FBc54,1,0
0x3D9F8dA4571090dB4C8B85A157362f782Fd450e4,1,0
0x3Df5bA668Fa69378cee5440a0786E87ba582fbdf,1,0
0x3e44D0A22D495000C71F524f4419E827F7d3AbF3,1,0
0x3ed7C0Fb55A6185ef28D4e9bcaa96f8F3B2D0A01,1,0
0x3F0886D2B09F68944D5e50b74fC37487d729BdfF,1,0
0x3F2F8041443F38BD997C7Cc27529bF4943bBaC7b,1,0
0x3f55CBd5a283900C1029edFE36461DFa0D845599,1,0
0x3F5a981AE2c875643E1F6C91EAbc35B5D175dBC2,1,0
0x3fe0429b8b5dD134cfA2d92884006cf02D32c6AF,1,0
0x3fe50a144fb65aE58803aE508f27360321607cbA,1,0
0x40360F4F0f87517664dFfE28047B9D31145B6BB1,1,0
0x403D30FB89d5411c6B2572707F341204Bcf0FAe0,1,0
0x405Bf287EB2E222829d5807197Db6FFbd5aD8395,1,0
0x40d9082162c4aA23c29d1fE9399A2a15E6d03408,1,0
0x41027f98494548CBEcc3F4c52249a9Fc8B3D17EF,1,0
0x4128F1A04767F1856db4f1588F8250F9ED948D12,1,0
0x41477A57A8916237A8ff512bA3D9bF487D9cbb79,1,0
0x4150F2CD0F10e6253c318deB4971463FeA87cc93,1,0
0x4165ac75516763DAE3481a5143f31F7B11ed618b,1,0
0x418651512e485BaAa2cD783542E46CA5Ee10B4f1,1,0
0x41c5282Ad1174490ea2cd5C8d7E43617f06F530c,1,0
0x4227e2581eC746BC91Fddb258c7a29f9E06A9316,1,0
0x4255EDAC85064ACc4d08617701C6f25548d47c97,1,0
0x42A93807f9D1AB0A07DE677C25b8fB088F957a19,1,0
0x42A9CF494Df977bbB90A1A45233dF6d3794A4894,1,0
0x431Ef5b4d48695E5F745cb7683995D416AAcF0e0,1,0
0x432C2aE9eE0992F8E0D7BCcDCae13aB0Bc514293,1,0
0x433400aDF8b6d1fABAc52a4c99521274b80E290e,1,0
0x43C3Ecaf74d44700A7821F3EA58cEAe569d7158c,1,0
0x44043f51c6B1D560E8947c733D856E7c86eB18fF,1,0
0x445268805A99B68765BFb5ECFD2838614E543c74,1,0
0x446BA749b554f2AAE610A8009cF2A7CFbB833353,1,0
0x448fA9D4442BB840DEEB5BDC1388D5b0Fe3a9820,1,0
0x44A2b9321f95Eb240971bA6aeA08464e3d2C3c63,1,0
0x44FdB47b8d0CAb2cB220964c8D4A03D6a592377f,1,0
0x457f906e2aA73dC419b3dCfC755a96A4bd2CB174,1,0
0x458fDDA54c4FC66fED71C8B9bc5E9bF7f3b948Fb,1,0
0x45a7361A61b150D563FB577f18fcaB7f60d404c9,1,0
0x45C46b0d26C260BF6566B8b925f50Fe119696A49,1,0
0x45Da0EF5fDE7eF3DEA2D4dBdE6ef7a074a34310b,1,0
0x45E9f1E18921C7AdAa23C567c6c58778bF23ff2A,1,0
0x461581CeB519363fD663B7485ec565f8928FE9f4,1,0
0x463bff427201BCdF5dbd521b0B5ca235E7fb66b6,1,0
0x4667af50dd3Ae768a0Ce5575003AA2aDa5Ec393E,1,0
0x46950F4cA9063716869a54C148dFB9160721CCbD,1,0
0x46E865C160B8DE268bBE6c166c0938AEde2C2e6a,1,0
0x47b9857fd53E0Bda751AbaF0568313e1D946a5cf,1,0
0x4829603774dC21f0dAaE6e2AC7dd3f773cFD590f,1,0
0x489522a4a8ecc94E3421A8605fBB57CfDED6A52f,1,0
0x48c374e4886Ced36FCA10971308C3FD873482630,1,0
0x4905E09e2FA94019cd367fE46050Ed8f821E368F,1,0
0x490E13e7AC7F9b9Bd992872B7B9C9C52Fd2dD546,1,0
0x4952ac1f0Ab26747432610A204b7820d30662801,1,0
0x4956d0A770F3028471c1900B015d46FD52C26F14,1,0
0x4994207B054c715573bB6c1fBA54450f13944cfE,1,0
0x4a27BfD91B30EfAf08706d2105e5D8A1ad09fF0C,1,0
0x4a4DE5112B2bDf699C0F277C9B9B8e7a7db5421F,1,0
0x4A5dA3Bd20915F61636E3Ed3146155377cb694eb,1,0
0x4a6952ebfC741870ab79F5f0A3f0795788f826fd,1,0
0x4ba6a9FdAB4dDa3337dA9a03E7cD0fE97A21de55,1,0
0x4BbA7715fD58180eD3D43b5f192671e7a9c68502,1,0
0x4BC3aF498CD515dd0Fa4b0184D6cf13e03760C0c,1,0
0x4bE247D20B3cB51401896159AF4E28d40EfEE444,1,0
0x4C50254DaFD191bBA2A6e0517C1742Caf1426dF5,1,0
0x4D42AEa6224e69e4Da8b175DA20642B3B7D4fD7C,1,0
0x4D4AC65513fEe380c596ac9EdfaC588782831bdf,1,0
0x4d998A13Af3007D4779ec7bf5d2e8a3DE809187D,1,0
0x4D9b4E6E0965Fa464e2baCef4cCCd81F628746e9,1,0
0x4dA9c2b2841a4ec02F54a5aBc0d5e40D90CF35F8,1,0
0x4dc04088BbDfFC50838049b7B8Dde37B7FC5D16a,1,0
0x4dDEBa3cb70e38DeE2F22071dA5F71770D1eCeF2,1,0
0x4e3A9949461384bef2BC09bA4F2539c4c6E4Eed4,1,0
0x4e44E276901A6CFa8c5170a1b7ede45A7d2386d2,1,0
0x4E60C1eCa929166D4110a1094355afD70F9fAA91,1,0
0x4EA1F8F79b6DE3d262271E3782633769Cf87aA45,1,0
0x4ECAB34278Ee359dc9dA60F91Ddb5481ed5fCa98,1,0
0x4f01CACBE677a41d12B695c5b695e70a3cbFA8D7,1,0
0x4f987bcD13EeAfd80A1c6cFCaD33dF6E00E28e2a,1,0
0x4FC31B333e7F4E3C12f081870e16A67e1962946D,1,0
0x50338aF19BEC4221A5C77EceeCB705C96DfB80DD,1,0
0x50f56FF8b37eD5F086Ea9B4b968fD4317929E1BA,1,0
0x5112996d3Ae99F0B5360CeA1A620FFCD78E8fF83,1,0
0x5136ad87D75Cf32A50d0d5F09Ed64E7d1D2CF7AA,1,0
0x5148c8F336C55F65708DaBFd75DD8c1DDEF0D008,1,0
0x519C0Aaefb560F54168dB541Ce03ff0Fd13cc050,1,0
0x51e86F6DCb211a4A6E2bd35f4eE5E196CBb036d3,1,0
0x51F7317dE6B30515e7a11f5D1249151612DB945E,1,0
0x522830A8cfAcbe345e342709c3A88c0D5D73c9ee,1,0
0x52653c1473218A74E67e5c08d7f8dF624562c94a,1,0
0x52Eff600E9a0317981C1E3EE882c4b6d6E053f5D,1,0
0x5307d072632b8205d4a322Fa7CEDD78348a035B5,1,0
0x5317f66b668995fb8F3B9D364A805e80dDCcd223,1,0
0x53479395bFfB599adA761D3D34d7c3Ed9e6a4DEb,1,0
0x534F8b4fBEBD08a8F3844e2Dc64acC732d58f378,1,0
0x53828B9f475ae602e7beA9808F3DFef6D289AD21,1,0
0x538ea2b210491aA029935c0af6370b8ff474293a,1,0
0x5469b14150Fa7687Df4E02B67C81e7974AF08163,1,0
0x5470cDeFC39befEb17Ab2f22E9E3f64e63C4aD62,1,0
0x547b36d8577263617B9E7D93A5e2B0c883914056,1,0
0x54B937e7f96EE3195832a3EfDf363A168BC5c0d1,1,0
0x54E5C66601b8e9386f0D74b4BD2932A3CFcDC833,1,0
0x556A257F8Ef54Cc0ab7EaBBfC74302047F528A6D,1,0
0x56272b81B74B4509dDd935E9AB33D38a1fB076be,1,0
0x5681e3C69c0CA2264ee31E7580De3913dDCee82f,1,0
0x56876474B29166f573C25DBb275C6C04d00082ED,1,0
0x56cBAdF7FE402f19a3ca539B36a0D4482e017148,1,0
0x5774435a4432788751d7B8fA3A8025B4B88dd1D0,1,0
0x5785523D831e155E38e5b94512E62E594e30D97a,1,0
0x579e2909F906b0Fa63f9996248463E778002fE3C,1,0
0x57A11066127E0469d914422A4E02019b2866f59F,1,0
0x57D3017DB560Ea906E67cEeF0250348793C05053,1,0
0x57dd1bA07C7E4eB6fF7C5E8c6Ec42C34377055f1,1,0
0x5836130b9f34deeb78C7642f37E921F913E4C3d6,1,0
0x583bBaDA56bb535BCBb31877A620A6ff2A25CeA5,1,0
0x58cb0CD5b50613eb1cb1f016eFB09CfF538a41ab,1,0
0x58d908a3A5931F3b744e3c442aC7624D2b20973e,1,0
0x58EF6e9F01993866588D0b2B563ae28C67db8d4E,1,0
0x58Ef73A55041e2763B8a40f1186f5AC9637Ba11e,1,0
0x593655cd81ff4924cdce5cc7b3678D9Adf3745F7,1,0
0x5A5ddCF1338A484e78Cae11a6d00Fd7eEE88815D,1,0
0x5a765dca94045742e9513790764742d472C9293D,1,0
0x5A9860FAE74D40fB08A0521d71062a4279b47FEc,1,0
0x5AAD1CaEaE9212FA3264390B68FdB0f257F248C7,1,0
0x5Ab29f212Ce4413E625DF344D8FC9F5D8985A6fC,1,0
0x5aB534fFcEa94A958BC82f470245D043174AcbfF,1,0
0x5ade252a7F52B9D1d4C07030d9d4d39f023f521C,1,0
0x5B9490a683433Bf68280F1aD7DF7b0FC6b8E72c3,1,0
0x5bA61CAB4550706cE0B008E1a92355293492cb0d,1,0
0x5c046706a1562770ffFEb5F495A7cBcea526aC74,1,0
0x5c12263F543381A24990746E1E65D0F82F698672,1,0
0x5c32614B9d4237a06606E6969073c2D8644D1a79,1,0
0x5C50891ED51731A4D50AaFeAe35042740C6986dF,1,0
0x5c79A719c9FdA77D76220734a7eE97963D488869,1,0
0x5cd15727703B1a3b84e8c8D53Dd23E9034842aB2,1,0
0x5Cd6eC6C709990447EEa61040CAC9079e8247Af0,1,0
0x5D076c3C4F7Bf2dB6831c90FC8f1539e07ff71d1,1,0
0x5d0d2B8c6800efdfB4363aAB46D5D5cCbABE4A2e,1,0
0x5D40eEA672f81447a72af6F4770CE682dA7d0808,1,0
0x5dA0D1F1c50bfe9552636769c760139345243091,1,0
0x5f133Aee5cb0A69F4b20f38f0b46f57CA82eCcd9,1,0
0x602dbD0A2F827fFBc08134E11bEe3d50dD10c0d1,1,0
0x603Fd4B50161330cfeDc55953cf37875ce844725,1,0
0x604636Ff977d434d538099d3c6024002a78Cac98,1,0
0x60502700B853A9A718B06eBFBD53c69d0bB7F76d,1,0
0x6050569EA1F0ddcE8f99e12b44F1aa2E1d97870c,1,0
0x605572243c30Af7493707C9c8E8aA2Ee25537e9A,1,0
0x6064D3cA8691C3646BF2AfF15BBb820465404796,1,0
0x6105eA393b63B307ABF240E22f3E1426D9987FbD,1,0
0x61b84CaB9dd4B629cC934Bb2D1D69f9Dc43f0d34,1,0
0x61d6d4008a680441D03AB1694A7B41e04ef3089F,1,0
0x61ff9cbe2d6CE98F4C8Ecf3807339474F4c09630,1,0
0x6247c3e32354969DEEf7bB0a87055514032E9cef,1,0
0x6289D271300F45a12C214821ad2A833406fceB93,1,0
0x62DC2f8Ab3d87D0E5820eC32B8afF80f531428dE,1,0
0x62de84e817A9f328605122aCb88A6449100680F2,1,0
0x62E31AeFED9333B79A66ECd830DdBF62C5E0aEde,1,0
0x62E3d7A058ccAea0c7338D9D0c2407d913a77Bd7,1,0
0x62e949C4150b79d63263430B6C5298550e63A17E,1,0
0x631422FF12fef7435f3f71D8168e614A0740D821,1,0
0x63aE27a1a906f5520f7217084c2158Ee41AA4FF7,1,0
0x63B4D906a8adB9D9da2F435Ab8436Db2D4A11631,1,0
0x63c347d7e42b940e79AfEC3D172bFc2921b6c897,1,0
0x63eC40ffD185e7DE69f0922478f3Ad98cbeeDE9A,1,0
0x63F20Df420aF1538E8Dbd60e975bF1E4D679cd98,1,0
0x63f7784c00454549B6188fcC324647B04a741a73,1,0
0x64191Bab4668A9ac502644564A694B82B7640465,1,0
0x6447618618c692A814d72556EBc998875D604Fd4,1,0
0x64e0696B54390eb9E1b403f35A8f4712D67DC5Ac,1,0
0x650cd55C3f8e86F8b48cD189381659B2ae1D7c24,1,0
0x65b9a79D16d41Ec8e9CaB40DC18BF0dC8fE09d7e,1,0
0x660888f021BB7da1004869C6a51059Ed97d9e7c0,1,0
0x662e0a3Ec10b7beb5Fc0CECE638331F895c399e6,1,0
0x66a0C5F9A6729AF218d65DE6d9a72886E5b7e2aD,1,0
0x66f80A55ffD549309a5352202BdD11b96C72d6eD,1,0
0x672D6436Ab33403D3dab52C153f2574861bDD448,1,0
0x67c37Af23c32cF76a9Cb671c6A865E0f4FC22a77,1,0
0x67c6deEef68b6a660fF89659a6155D8bB79B0774,1,0
0x67E14366550F5696CB01855805D917B903cA443e,1,0
0x688449b3D1B832eFF8543f492DF3a215feE10dE7,1,0
0x690FbAfE4485B501B8bcFc6319adAdBCDABd7CBD,1,0
0x694290534B77C3d845F9C51B6C7872A4268dc313,1,0
0x69Aaa47C562F0347b98532736accf3746AaD7e45,1,0
0x69B9b8147313A73876E27Dd47df13168dDf8C403,1,0
0x69Cd8259D2C75fd09F5250E07AC91f25060f8F90,1,0
0x6a0C37Cd6A384e0bcc88165BB1121575fE75A3b9,1,0
0x6A1873bed47192BAcfe3738B26B271F90D66C813,1,0
0x6a1FF2AaAab0837F940ED7471E16d84e8953A035,1,0
0x6a291AeaF909C8e8b092cB5b2FfCA7515Bc53352,1,0
0x6a58EB4b32E34F34E4E2353E4996235a2Ec828F8,1,0
0x6aAEcd9866910E164006F910DE1df81cb969c79B,1,0
0x6b1d313e91Dcd343995c5dF9C4212D7EF8d47889,1,0
0x6bdaD82a4244Be928d53814d83020F221C4Eacc1,1,0
0x6Bf72D183894de3BD5ebaF7B5983D7C778c82299,1,0
0x6c5Dffc002030203c722c74497b5348eea54944c,1,0
0x6C9258895FFBE2178b3EdEfE09AF304a1e99bF2F,1,0
0x6ca554F70895E1288b70ecFF217Ef0F6FF694606,1,0
0x6CA7b1Da16B0d1C48fE936f2dD8c2D1a8Af22b1f,1,0
0x6cc4bc5C029DA8b718Fd4B3F1a465eCfFC382B75,1,0
0x6CCe37b17Da8884A2F336c8A29892aB2257bB16E,1,0
0x6D3B90747dbf5883bF88fF7Eb5fCC86f408b5409,1,0
0x6e558e4279D9bE551d51050890041B656789c414,1,0
0x6E6526663Fefbb079008599c062FbeC258BeDEbc,1,0
0x6EB4a3531f66Ec3fC51D1602C39BdDF7922d8489,1,0
0x6eF6fc41a7ee6305B1072DdcBBB2146A2A97F272,1,0
0x6f3C3235d26234c549fC9E74C06f776c18817198,1,0
0x6f8b3E110995DAf3c3B48b10E106a7860F3EcacA,1,0
0x6FcF7bcd09F92d3cbEea6afcA5e016A6798C7766,1,0
0x70276CA0dEB4a5cf752dC36f679366707ceD20F0,1,0
0x708621feA6a3e127f775886f4fcC5A7EDC6cc736,1,0
0x70db5Ec6B869a7D3B07D6D7a435722E04f29AaC7,1,0
0x715e3254465587e60bF4a7b0C2e7979984820086,1,0
0x718e5b4F5B007bcEB7AD6Ce8C2629ceA767FC4EC,1,0
0x71dD1442c2F9Ea8801d5663BF3CA2092AA029b37,1,0
0x7213c705C84e5d9e30d6cFb081faE1Fc3DdA3Af4,1,0
0x7288591910A80D1bF414ee70Deea6DF4aCd34A02,1,0
0x72A0B75E4c7229219678E7194c05df2F54A9bcE0,1,0
0x73183709177D64c6d571Cd9cd4AB741d4A0C7D0B,1,0
0x734f37f8c09ca8547E23D43cBf2f94C3b70E0fd8,1,0
0x735Fa639A756E09eB2734A0DB71b0a3FdcDeC386,1,0
0x737A4Ad45d63C6403390366F405798052A71493f,1,0
0x745FcA508F6b738a528b23d623c01Fa95F32dB66,1,0
0x74Eccbd2526D0F0AF6fbb9aCbA04bbfCbaEDCE86,1,0
0x75b26202E34A576D5A4Fc49D98AcC559920791d4,1,0
0x75D2BA3DA5a598EA48D499bC172fB6b4713229A3,1,0
0x75E55f3a72aa8381D1e01CD06dB53Df15e06a6ae,1,0
0x7744446f4fBE3e660AE9206FB8b0D46b8D097176,1,0
0x77A3c46132A14338881980C4F2f28233cf0Ccb4a,1,0
0x7868BfE3D4ff949E7Fa8e2205758e060AF90cB12,1,0
0x79cEf120F49Dc5f3F4FD18BcEf63d3afF4DCdbea,1,0
0x7a2C109ceabF0818F461278f57234Dd2440a41DB,1,0
0x7A2F69d25dE46aEacB2a6e7bAd9D3AdD6d8052C2,1,0
0x7B8f0B8E09ca522Ad3418fb89B9176f1bc74644c,1,0
0x7BD4A47fEf3Be3a47A69193396Bfefa33724a054,1,0
0x7C2519F6347C23f5702e189014a13bb1508E02d2,1,0
0x7C70686088221eE68D2d66BF6667105fBB01908C,1,0
0x7d1788E9289Cbc98fE042eB54e00FA1D87Cd6480,1,0
0x7D3bF2cb39f5cEEeca91eCc8201Dc01616AD089f,1,0
0x7D4A1EEA79405a256D71F0F6487246F8E7B618eb,1,0
0x7D59968dCd1E57E48f0Dba28F460B782779Cf01A,1,0
0x7D9bfD6e688f94E6F2C6dDb1f8BDa63b6550e964,1,0
0x7dD04D4323145C2C1B52b8a266F495C5d9773511,1,0
0x7e0075a27D6eB60DF2f09C43e34037E063418Be3,1,0
0x7e3BB4472cD4552016A0aD01AB1CCBd63ac328ac,1,0
0x7e81462e3c1A43cd4BfF20216ac5EbeB6913e534,1,0
0x7E89CAbc9aAa7b25f5F3e9bB48753367654e9b5F,1,0
0x7eDF2817132d2546E957D7C5b8ABaa326e807280,1,0
0x7FA91501857004dbd636FeCc333B7e31120364A3,1,0
0x7fECBE316Ba591972caBD01D727afc6f35c38727,1,0
0x7ffd590b6f044A04E0f393987f8261ECDe5A1fa1,1,0
0x80b228808150f6EE3e8f58D7682072492d1Ed669,1,0
0x80bd2BAcf94eE991827aa3dA0513a063977d1E6D,1,0
0x81033a7b79Eb2b6B177e3b9D15C645611C8f9d5c,1,0
0x813DAbB76AB5ADB15C50B4dF347B9758A09f1330,1,0
0x818549Bd829b8F9Aa13Dc0dE9d3242Ee631a5438,1,0
0x819d289d07cf7fF7cDd0ACF8C98f2f236a6a35c3,1,0
0x821d92E6E62A2004e2CEc914C23a9f346Add0331,1,0
0x8242B6103D982f84c9aC9326f89F9E91e13c1E72,1,0
0x82588b70Cf466cc6b9c933787b2FA2c8cbB4224a,1,0
0x8298A996A00835eedcC75763038B731Fe617Fd0D,1,0
0x82eF060e53dF914670ee43b11B8f0DF71f4a329E,1,0
0x8344B42Fe8E20FF8601e67c94b7859A97A57B606,1,0
0x838a524398C87404Db1167B89b9efb48FAC08D24,1,0
0x8391A1e2c394e2A2443fA56cE65f79684895A1c7,1,0
0x8415eF34C01B13c03f7f8748429A422500059Dd0,1,0
0x847C6CaADF97FBe03D93b720488f06D246eDc65E,1,0
0x84B417c678A2DA8231ED7ee3233cb629D0cD56df,1,0
0x84c9C9E9D2AAEe2382D6cbd1eFEE93fE1264302B,1,0
0x851859D0bdfB791Ce47D4D99a6B670466d468C09,1,0
0x851D729D9832174AE1EB1cb5A11C42b5A33011eA,1,0
0x8538f6286f4B28682914827926E848446369f6c8,1,0
0x855216A770Fd7Be1e5715880d29796f189f0721e,1,0
0x85BCfA5098AAf506D9590dCA8dE3CFf68A2e6Ea3,1,0
0x85FBf38E53E25A6a4944ABBAaEDbf5AF17496b9E,1,0
0x8669a83262191Ec52d3B498DEF8Ab8486666e306,1,0
0x868D37a3BE8f456b81f27AB3c5CfEEDbFd1dA5fc,1,0
0x86c16F44BC75851a9E2E16e28366aDD78169fEA9,1,0
0x86c97aF9615Fa55c34A2F2DD1fcF5b12ac9b735d,1,0
0x86cB92f59177dcE95EaBC10E9F235Ac7BC04Ab87,1,0
0x86d51a3A6A8DaD37509645e8668CF60A2c4bB9F9,1,0
0x87b394D8832a1b00170f5238d7CCd67dc68c4223,1,0
0x87c5393736D3cE4a9fCb6E1D6893bd032edDcd65,1,0
0x87cb8613020FF75f3f7D662a8311E031e3304753,1,0
0x87FC92FA245D65CE88FB27BDe6C124E5ACCf8630,1,0
0x88bf17fCAa40f709365e0E9fCD6d6fcfb9bE600c,1,0
0x88Df4D4240d4F388A88d9edC1DbC7D0154B996Cf,1,0
0x88F8346dB22d35Cd8eee861332D8e08A1e547dBD,1,0
0x8a09Fc94E9f7Ca414BAD45D89BFC344d03F01Ce2,1,0
0x8A8C879D39A74fCE0593714956bB7Ed048A5c1BF,1,0
0x8Ac2D1b9727869b47858B1Af5Aad3B6ab86b5171,1,0
0x8AFDc1f21801Fb274c525B8177DB63a8E130465B,1,0
0x8B62F7656c32990DC1e3781945640C74CD70317b,1,0
0x8B961a604d1d06264431D2807d40dB880D47905d,1,0
0x8bb62B57cd88c361cDDd70796ea2555F817999E5,1,0
0x8c45bA51721f39039e77e60B13AE3B51F3f947d8,1,0
0x8c70eFFF64367868298d720aaEAdf22794a254EB,1,0
0x8c8504F476c184e298A223D4f841A7B4eD514d25,1,0
0x8ca1Cd24Bd7A2386f523C36832D25E468072101a,1,0
0x8caF076EFc7E04cFD46d2f86De5AB08d81297a2e,1,0
0x8cE6Cf23c18202Fbb9b1206B596Ed58DaE30cb13,1,0
0x8d391948dc81d695822A24E7360943da6d9DFA0B,1,0
0x8D927D57d24f6133730eEBE1BEDa79B90BBD9f24,1,0
0x8e207cD9819637DD99471aA4B1f0ab7B572903cF,1,0
0x8E616eC73F237D7e15e543f6676d676a145B4F2c,1,0
0x8eB00b6B0949aB26D5Fd0506a14bD3543Ebde433,1,0
0x8eE4d7604c89c93352e8F2ecD095235F588566fF,1,0
0x8Ef1FDDC670191Ca457dFFA01d4e6AFDF39AEe6E,1,0
0x8f117013cD59fc38Ec02650cFe11431407fE029C,1,0
0x8F2c951926C62fE0E5382c3d5f79aFc81C559829,1,0
0x8f2f2744Eb8a899637793d6b0CEC4424De9A02Ab,1,0
0x8FA14c10a998D0eC3B8f2209b5d439B30d41090A,1,0
0x904b174CDcF9ab2ecfEF5531FE57C16Eec4e9a11,1,0
0x90759AaeB2833A49635Cb2911D3c7E33dF490964,1,0
0x90c7590797a78aE7f96b72D832FF361575430813,1,0
0x90cE9053b35E6432fA3e641709d3f010B7d442ff,1,0
0x90f530Ea3Cf647b904A1ce8b556060aeBb7a0a43,1,0
0x911D3A600009BfE676Dae6E0DcAfb76b37c027aA,1,0
0x91421dBf9Bec7B4184191a0A4E10ed36BB831f09,1,0
0x91628188530F7B93919C81eb4D5dFE9D93ECb5bE,1,0
0x91873Da1097FbF2E404855e78bDfE38ddFC2D292,1,0
0x9197aD299f4D1122993BfD9444F55843c90DEB77,1,0
0x91D15A8Ed53e7e76D35Ad4ce951A691F2F6C571c,1,0
0x91Dd8B49d4D6a1198D62e7042342d1164018f534,1,0
0x91dF1ac2B5877c21E2B5f0032da7A9998AefFe18,1,0
0x92439e19a92fDdcC18F8648EA2D5c84CDE262B71,1,0
0x928E8b34e4585f259cD645C5b7E45Cec5aDdB845,1,0
0x92Db7E8d9B281c9470749a83eeB51DE21Ff6DDe6,1,0
0x92FD27129fCaa8BDA970d330b26bEc70331987f8,1,0
0x930e2B6715EE9B2354726fC58a79DBa163Db51d0,1,0
0x936383548E7D64f3E83432905A99E8BEbaa533cE,1,0
0x93a0e82f2074ACC1e87FEF07f494D38a07ab6cE5,1,0
0x9461D19dA8495c08C7BA7928a3E9Cf31bF6A54F5,1,0
0x9477cA4362201b1b6cF8968FD88757Bf0711d73A,1,0
0x949F19C8b191A42E04d144f7134857553d92f194,1,0
0x94a46662646D41794c5B437f0f2656e9dD4042e0,1,0
0x950d74D893DF6068ABE2Ed2Cd8e9030425a1031A,1,0
0x9587DE586DfA49CF33DD5b30679450f3f6d1Fd9a,1,0
0x961Fa968806Fc79bDE8847898C4A0E4DC82291D2,1,0
0x96346c9bE6A7b3CA510F5B1E80aC8fb444Bfc0d3,1,0
0x97219Ef57A528c1f28A07A8c028b13C25464AEA9,1,0
0x9788BB53471A5370083C5fDe3F0a22Be1Fe9975A,1,0
0x97Ef485C524010F0bbd04854BE7F519A3f4E8edE,1,0
0x988b23cB7612b606Ed17e175d99B03b607478A95,1,0
0x98df8f57DEacEb3cDa505C1682af669453B6bdAE,1,0
0x98EF81d3306Ae80425aC58e162a6b62222B37c61,1,0
0x99014f787Fa9b21112194E9C8C0A3E4a22D33670,1,0
0x991cec65A906B5727B32D175CFC550673A20Ed17,1,0
0x993c2814dD832a0BB124aC842eCB8e2A747fc2F8,1,0
0x9982D3de23521f1aefCF08b6115f1AD75C64ecAa,1,0
0x998B04C88bA3A8cAEc78974d42039a7744E02fD3,1,0
0x99C48a6038fAa92499918d44F243280A58674BcF,1,0
0x9a0f21b00d45856Bf67BE52D822fA3D4f8888de8,1,0
0x9A1cA9F181f580C2463Ade82658759E22c5618F6,1,0
0x9a3b84065FA010d1BdC977d2378e162aA53B64ac,1,0
0x9ABa92B941d07047B6021c26fB0Deadd4e9EbF64,1,0
0x9AE4F4a3efea60a1d73cb32476A8697E057473BB,1,0
0x9aed55Be7Ac0d3727E4dcC1073746A74598BAe42,1,0
0x9af79773f619F6D68E35EC8fe62660649B011A90,1,0
0x9afFEf9956Ced6Dd3704F640ff0b1e6f7575dC0A,1,0
0x9B18bD08C490e96D9Dd8E53f4196AD46208a7C0f,1,0
0x9B5697a4c360a3F5F5CfC22a4b7bdF8D3D52a4e2,1,0
0x9b5Aefb6Ed1725953f1d918EA596178aF561d65E,1,0
0x9bA42929E0468762aAA5E002978d4Bef265B9454,1,0
0x9c12A736e45f8103AAA79A1eb9c49F3a9F29e420,1,0
0x9C1C3484EbC79A5543A3aD193573eb0250756E55,1,0
0x9C9293864614E4c7E53173B4B4e693773EAD04b8,1,0
0x9C952fc22AD42A56A7399fEB9879b0E696099798,1,0
0x9D09d09cc28DDFa635518880fd02611c7C42506b,1,0
0x9d5765595a92c560c8759d2a9c375C66123765a5,1,0
0x9D78C0e3f1cca707775Ad22E92c73F791ED94ba7,1,0
0x9D911eD974FE8e28233A8e39e199b016b47625fe,1,0
0x9Df50aD6ff415265390F0602b5e43FD2C8F2279E,1,0
0x9Ed5957b691D41F7edfA2Ee6b865eD36Fb55f0d6,1,0
0x9F10e29848b23E7E18f7E798D7ddD4C5BaaebcA0,1,0
0x9f88Fb250c1671177D1Ca320D50f4476672991B3,1,0
0x9f9c69B97DE418338EE32BCa51416492D16DFC86,1,0
0xa01374a0B5a8948425D49E76127d6064C1Bc3Dd5,1,0
0xa05DdAC2FA841B7028dB23f33424033B71E98042,1,0
0xA0B36a0707E3EAD12C45F46ef9B8aFbCa33A4004,1,0
0xa0Db55584558a16765a94dB4F2CACF5f76836a05,1,0
0xA124d9af825e004bed25C14F2c788a0d12A21491,1,0
0xa15E9b7fB5188C2a4327CCf28d25025c6D15a09d,1,0
0xa179facF951793Fa8067AE519f8c55657300edb1,1,0
0xA198EB2f4FbA7f8B8Ce8F02Dc7060B067A71c651,1,0
0xA2e7002E0FFC42e4228292D67C13a81FDd191870,1,0
0xA304B69F710785756A64924C9e6b2efB3DC3a15E,1,0
0xA31041204b40031dFD7a53879C03fF96666bF2b1,1,0
0xA3A60aD01bEfed7391755EffD1b24353c000333F,1,0
0xA3bE0C82F6784a12A323cD07cFBA3E834eDFE5fb,1,0
0xA46C30D1F4679A6517d65b9D8b2998Add4d321e1,1,0
0xa4e1981BC036b0378f2488B091F99a7399d4be1b,1,0
0xa54D6FD8143Af647F49D57f98db806376040868a,1,0
0xa5FD64e05953a35CaBEb7593C047d3610164A057,1,0
0xA60093aaa8D173c7075eA2a03F1ad259bA75b43A,1,0
0xA6346E9426Ea2a093AF0Bf5B119651DAbd536946,1,0
0xA67bFaFb54e30F89528116d6afBB437777E9Aa8D,1,0
0xa68176387a8A58814B780529Df1D164d0904c9Ec,1,0
0xA6cAb323B3780965A9B74D594e5D87eC7Ea8F799,1,0
0xa79d3B28A109F0E3E4919c9715748dB6D88f313f,1,0
0xA7bD971aC55340D4a92E9F830c4601B74e3a2493,1,0
0xa7Caa5Eac3B62Fa32b64d962226Af23A2B5A526B,1,0
0xA80C0a04BD5cF320e977fe4A065aE258E88DC505,1,0
0xA88A56786c8d1d63D0735b6018f623a6aAd84aB6,1,0
0xa89b7Df5086AF472Abe66Ac78CbBFA9e6eD53bfa,1,0
0xA8f6057542c1307551B047512003b8ab82f7c5c1,1,0
0xA91bB688dd1931852ff7136342ac730de1EcD027,1,0
0xA9411E8296df96b31A1E6428c766192a085b8FB8,1,0
0xa950aEe2cde591F5029891Fa2F9971C2a12F2d0b,1,0
0xA96b81F052570523D0DeEDaDC1513607252965dc,1,0
0xA989211Afe9d26302588559565419092b81cDd4C,1,0
0xa9e539deBd203ab74DdA82a22438e738eEe2Ec3E,1,0
0xa9f26211fa03dA13F9CFD6485b57BAAFCA9E9B64,1,0
0xaB11b1a380da7C2Fb12bbF7C39fBf156568AcDFE,1,0
0xabB3639Ac7eA3fbD7e9bFD4d8Fd46CAd6c3056F6,1,0
0xAbF5cBf354B338b6a385E8533037fA93A621d554,1,0
0xAC2071e7808D8162b32CBd3d3a7B2d1aeF30532e,1,0
0xAC63D7D9C4E112feb40D17a89a7874dB5f4bD2CB,1,0
0xac92D6DB8938fb35bcF9D454DB7741aB3E42b02d,1,0
0xaC9517A6c1aFC2bbC7a68e306F605Fa6E2179ca2,1,0
0xAcB4584F1996aE6f76C358C0606B5F791E8131c3,1,0
0xAcC8b08359f6Bf6a5A4A2eda056adE309cc0C716,1,0
0xAD3825d392edc57DAfCf684EB8a814572ca3EfE9,1,0
0xAD548543F7Ca61b61179E7D9e78613900E10a74b,1,0
0xADD2F9A2c8B74cFB1B8e8fd563531A46B86A8995,1,0
0xadF42037acA8286EEA1174CB0121569EBe159eF1,1,0
0xAdFB2776EB40e5218784386aa576ca9E08450127,1,0
0xaE0031C3d1943b8Ceb318409EfE174550D2cb4CF,1,0
0xAE2535C4fC0a6ceD920E5FF2f5A63504611C1f3e,1,0
0xAe507de137Ee051a5FBB39fede471C9Ab482EE63,1,0
0xAf124ea7353220a720983a2D926e5F442B0E839a,1,0
0xAf1c383ce06debbf9f3C91349FD03CF651221121,1,0
0xAf24B8a532354151cAF044ad6dc332Bff42195eB,1,0
0xb02AE8C46c1B560eb9aC1149A106CDc8C052061C,1,0
0xB099B7545FA50635c867A80880835C0aeD90d6dA,1,0
0xB0DBfab26a590FC02a2b7A160a29ECE314A6E126,1,0
0xB0e7Fc5CFdC06Ec70c88547424b96394D861ce1e,1,0
0xb119C02666ed4c61A5fDD4151291AA1146B2B27f,1,0
0xB141fF91E2a508CCDb510fa1A109b2b78816AfA2,1,0
0xb163778Fc196d570F0C9E0726B2389668c712D01,1,0
0xB199e9E200618B4B69D511A018367e748a3b530d,1,0
0xB1b01306d55E33E3CCbB84537ee9E0D2aFfd3c45,1,0
0xB1dB513aC47E476944F392D8E047E3A0A5a5FF9C,1,0
0xb1E87889b4bde8737c561810121Bc8a12A36C153,1,0
0xb1EEB09C753423E08Ce41b5e57430FAd95008263,1,0
0xb212E85c263094DCC95FC98f646471440F0fA931,1,0
0xb23a8cf07E1d22a8670bcaB9930cd212fFa0A87e,1,0
0xB248140d89eE4A1FeAbdD28F2f3eF23e2Bd4b469,1,0
0xB2ff5B8A05B43749B1307215C501DCDe0932A711,1,0
0xB3097AF311601701Fb7B966D20C02B35020318FE,1,0
0xB3384DfD46FeFdF209d2C896D3e06e584B304c2E,1,0
0xB3623D62FF30fadB5B2e127C07cab0D1b0808276,1,0
0xb378F489aBd66FC74ECA47161B5F6b0044D24084,1,0
0xb4570cBa336D525818DA9614E20419bbBa0004CA,1,0
0xb4e37C48EE60eb67f74428723010Df63926DF034,1,0
0xB522C94D57f98e04dd3AFcF7C9Fa4e2ffae2d0cE,1,0
0xB53D29244b30e03576AF641dDB3b99942cc24e48,1,0
0xB554B58C1C362dD54de5Ac96775Da316F976fd0D,1,0
0xB557D82c673cBA2CE195880133e4e79de52075a8,1,0
0xb571a877e56c8a9BBfa05066B9b376B030a3075d,1,0
0xB62c0fD71d304074923E035A85f03fbe42d617A5,1,0
0xb63aB0ba18055bcEd04B46BC5CC8d0d9dF3973B3,1,0
0xb64d9197BD6400C166C42c38E8c9C0192FDE1ED3,1,0
0xb66A3951943ebbbDf31d99CF28b716CCDABd4d38,1,0
0xB66eD94bfdE5081576d365046453b0d325AB26b8,1,0
0xB6bb77Fd15213fA2D09dEd8090E5B1FAc1b68156,1,0
0xb6E3456B07482ef55C40C0B6fAfF8aB594048aB7,1,0
0xB6F28ae8f31D85dC27361852b986286113Bc588D,1,0
0xb6F5302E1Cc694194BAa1478E2851F94d52711f8,1,0
0xb745e60A86b1EE6e8b213802878c965FF610322b,1,0
0xB7C4d7Bda7118f5A238fD979A8869f58fd4ecaF3,1,0
0xB7E53773171b5ef697db07Ea7766e82b6189E9B2,1,0
0xb8B47B86C1608667abbE1a642A08BFa69637ED4C,1,0
0xB8e208BF66708F732a404C963e4946221663E472,1,0
0xB906348F702ECfD7d5dc3A9CB06A56Ae9BE2eA77,1,0
0xB92a8d700b990ff8CCF5452394474E09E46E62E7,1,0
0xb942b9183345A98A5f24abb1968AaB4D10758404,1,0
0xb9534D66f467E079C5653f4Ecff9A3f15063905F,1,0
0xBa1C50aD37C0671eeba39F9E6f6B22FA323ADE68,1,0
0xBA397fAae1D5Fe10C0356f2e585bef34577ab111,1,0
0xBAC3a5F847F2d720259397997Dae4370c36BaA54,1,0
0xBb26C4D443b7dE1Fca788779CC4861D2B52b5F04,1,0
0xbB3dEA1E3FD10837205444DDEB93AD9590BCD48D,1,0
0xbB63203FA253B667F1d8D591954F5a14ba5613E2,1,0
0xBB7fB411857E9b993cBD2D812dA689a1DeC85553,1,0
0xbBABbB79f67027515B9D0A0C8Cf7b7595447A535,1,0
0xbBC8B79EBf6BC302B41236Ad5EED4c0a4a48Daa4,1,0
0xBBF352A76559bA2fD113d1A74D39A7518A450D27,1,0
0xbc4619ed07a421ce9E4a1b9147C853dB74924B78,1,0
0xBc53e2a238540c0F3CdBa43Caa5F11ffe7e7ed43,1,0
0xbC8Fa485caAF8e4bEbE2A2540eFE29731835DB67,1,0
0xBCcFA11b09F67B27d38a7CF437f45334A9b4f9DA,1,0
0xbcd622F45aB078Cf7719073eE09a45151422D777,1,0
0xbD0F43868181d1C399FC7405fbc46725b2F7ab17,1,0
0xbDA710801342531aDb023df62D6eCCdcEe893d5A,1,0
0xbe047A44b865854A8E7b108e1bb1b51DEA20C796,1,0
0xbe1a5E8a7D50eAFE07CC95A5a6Dd47b7694F9baf,1,0
0xbe4dC271b6F4B04E440B18724F361eAB7D19446a,1,0
0xBEd25FA007D0a30Cb04f1B50750d599E89b1A8Ce,1,0
0xbF5CEf462DEe7F8893Cb9C6f0F95850eae0C53fF,1,0
0xBf66a1e0695239C68c1a4B00771CdB8e435eB3a3,1,0
0xbFa0438730566f59f22c91d0bFB384Ac7D6FB36a,1,0
0xbFF4d62fB8045813568c287628a8F5CaE68AA0b7,1,0
0xC01d84CA65EbDaf678c53312b3D65aBADa9faaae,1,0
0xC02b341767Da50E623dD49114792D15E9dBf670C,1,0
0xC1023B3993C8704D369B0e0F6603a8C065dAcf85,1,0
0xc1eA3db638495d90bB778863ff5C2AaCCfBbF421,1,0
0xC1fC90B93c150A7bB81960b97ee4Bbd8d2205f29,1,0
0xc216AFBf98C7807b99fa1B892703D73f47bEe922,1,0
0xC22C8FCB98A4Cf3aB22cB8F246991B81F97c4875,1,0
0xC23b949D960B90F1c5BB87E91eC4f1F21B98c3Ba,1,0
0xc2676FE33eC4093DF6480EaaD6F368143D565C82,1,0
0xc26A5197D4FDea6B9C04F96E05fBCedCdF9CFFb3,1,0
0xc27bFdBD50B24EEdF7425cDe29cD8436F3655AB9,1,0
0xc27CCB65F83F4ce4b1C5a560604BF4911198daF0,1,0
0xc2aEdB7D84B168683185CC401dD2d0d9B14d1aAE,1,0
0xc2d5CfCF41d971d0c99715D3A0c38C6E0Ce4Ed53,1,0
0xC2Fb8370cE5EbfEb78a81190FDa83e759D1FdcDC,1,0
0xC309daa0e5c5e2D75E3964237E84fC0BF857F050,1,0
0xc4b23f15EebA4Ce2254645F956A412d13a6d28aE,1,0
0xc4DCB599Efc2c923fE09773C96150F5f3E8C4B9c,1,0
0xC5457040206587D167c5C3bAD0a174a322a2C594,1,0
0xC594456f8D3aC969EA43766067D37597d2A2601F,1,0
0xc59750774Ce2283f6BC81E9D59a151Ad75EeC079,1,0
0xc60a98e5082959bb72e14d0e5568154d6618d2f7,1,0
0xc60e6ee2C66B126dd1D1Fd51D84Df4DEc489B0cc,1,0
0xC69A7460E23EBa8973d9F40e96413D3a8C9e01D0,1,0
0xc6Ad5BC02795b8780553870c81FE8827C55aFA8A,1,0
0xC6D7208DaDEe4F431bd0f3f11E7d4c91fF51bfb2,1,0
0xC6Ef51D3C3C4b0FFb6a8D5E8fDbFEceb2548eC2F,1,0
0xc75B117d90463C87f3fd52725154779FF383cf1a,1,0
0xc760e26Df238639B9056d6F580aE8eB03B43058D,1,0
0xC7b150F23E485723929372FcFedE01deB9144dA5,1,0
0xc7d607B77AF577faB47ce552A7036E1e2a44f703,1,0
0xc840D9c1d5a88f5FE1Dad174105E20A747734E4a,1,0
0xc89d2CDbB3bb2381aFFb4d09c137bdb06B62ff7a,1,0
0xc8E2EfF0824DC7D7252186c53f5Fbe3CBE5698f9,1,0
0xc8e487f2D8626cb3909A5da2914259e4c7AAA7F0,1,0
0xc908eBd8D0C40546E8E3ca3f3a80dbc1e8Fa01E5,1,0
0xC97E771a320f22E21F647554949c1c633b5D1698,1,0
0xc99c2d3FC54befdb070d035DfbC410fa905F0432,1,0
0xC99eAdd0E6d215c3A688e09375f479d690b423fB,1,0
0xC9bC42e5bD023e4930A0e423c986F3E3A94C07c5,1,0
0xc9Ebe8e8d4308DabA8b1Bde41DE1B236ad1173E2,1,0
0xca2486a779dC0F65f33aE2C9A5974CA763FB691b,1,0
0xcA4822e327c37AD211b8792D75fD3E2717d27996,1,0
0xCA99d35880CE5F6c62EbdC82bdAa02A8EA96101F,1,0
0xcB00c9c46d57B528B2dbFf53a2E40C1C89b19bE6,1,0
0xCB04843cB6a230884739b103819845Ed8f0174fc,1,0
0xcb62150CF23C094FB69DAf7F29d032b0e82c34db,1,0
0xcbc34359c765E621E03eb958AE7aeA39637B67e8,1,0
0xcBC4386D1cAB42fBA45BBA1699A30399484691BE,1,0
0xCbD6b0DeE49EeA88a3343Ff4E5a2423586B4C1D6,1,0
0xCc09E49cE718128E62791938FDf3af436E11A36E,1,0
0xCC614c9C5533E8F8d9DDa498E38feb24f19B154E,1,0
0xcd183d7BC0d3d4268562806bA7FFFd23ab6A620D,1,0
0xCD6A59188E5F5FB0a1A8444848c166F60e4A308C,1,0
0xCe0Fbe7c0f72FA5c941111D507DD319376d5D9DB,1,0
0xce2bFaa444b235A361e5805180AAAF93470c3886,1,0
0xCE4a41fCE5Df4cb141B71b2cd978563659529F96,1,0
0xCE9281BA3618ad000b58a76aD88b1CAea670981c,1,0
0xCe9D5fDc295dA5c25C5b216DEdc30bc4B9247373,1,0
0xceb905adC0f7C23C30fF17395d3c22E9A63a9F20,1,0
0xcf0a393F888fFB14127c12501637EeDe259cCBf8,1,0
0xcf0A76f6209b8d81F63D093B79566F8B04688e7c,1,0
0xCf2d6C168B17044e761d913a83ED7f682ebe58b9,1,0
0xcf34097cC43aea22cEc65629dDA60fc0508049aB,1,0
0xcf8191993A2e53409e79e7a9d1C3C30D5fB62eb2,1,0
0xcFea7E948C0215e46DA3327A8b505aC1C2CAE6D6,1,0
0xd01944e787355DEC4fE38E03c11Fb902F4e84A26,1,0
0xD05B97F15baB0616Df84caB5A0d5dF9B67bFca9C,1,0
0xD0C40781f4A1db548ED4999c95EAE23f1303c820,1,0
0xD0d20dFdc1aDfCeED388a5b4866aA8a988A5F3Ff,1,0
0xD0eFcd2e5d9bE928586fAaf5F3315F88f30678CC,1,0
0xd15D53537eB16D0eA8d2e15a5b91107082dc6Ef6,1,0
0xd19D2A9E62B55c22bdF7246bbb4FB9271AcB64C7,1,0
0xD1ED65e5ABA2f35a483cD39C9D3eAcFdCfDE9AD8,1,0
0xD200e8a0562A964191a1e6339C017d14070A5738,1,0
0xD26D750bcDC8a44eb3954a8Da8Ccaf841356c265,1,0
0xd33E756a8041255360177E4Db8306F819a07c29f,1,0
0xD34031CbD2073d582d2d79da463951c1C6dfb779,1,0
0xD3E1d9e51407Dab416019ca35F612b7C9a5b7b34,1,0
0xd43BA4193920dA3A288AAf3400dcb5be62fB1dee,1,0
0xD4528215407beE80b3BcB891Ccfe3F7243d91C18,1,0
0xD457512A0D29FF04915C487AfF99B3C06c40e577,1,0
0xD465496741C1f799E202aCc0A6f8F01794a6e14a,1,0
0xd4a1f1141D336E228e2A9F67119315CDa0dba120,1,0
0xd4fc1Bbb6278203F5aa9bfBa7739aB4ce72f5D9d,1,0
0xD508C555c8349ae273C1DA1FAD738e9b66950d4B,1,0
0xD50D0f41dd217a0966dca6383E734f409cBC1A94,1,0
0xD51edc54a80fAC61A8Fbe8824c85C654c2e366aE,1,0
0xd573885ceEC013F37ae5d0C809349865Ef6a4b67,1,0
0xd581d063ccFefc277845B33F567E0143Cd8e81a6,1,0
0xD627675cFA739A63e818f1c70f99431D3088F6c6,1,0
0xD636ed8D1559322B2Ac65519a49C221CABD13aB4,1,0
0xD66fdA02a6648DBa76264336252d5a5BDc762d02,1,0
0xd70833F39948862234D977771B8E6EaEA26A881C,1,0
0xD779a7eDEcdd3841C48933bAefe6A29CA52DfA3C,1,0
0xD7b9b9e2D85D735C807028F5A6ad45A304B8B6eC,1,0
0xD7f3fb19870E17EC29909d9beF94B76A3d3EB30d,1,0
0xd8c78c808662F90560F634C6724310b40da1dbac,1,0
0xd90676D2548c74250B827C70f4aFe20189d6A3eB,1,0
0xd93edD2a5E8480c2a0620CcF9829550d66a0Eff3,1,0
0xd98268153d93b1cF82FfAe79C9FF2634b1Ac3A4a,1,0
0xd986Ad71a462F4c0BB89d7D4ebd43caF17a409B4,1,0
0xd9CBEB629E5555d8bEA19917521C04eD290c0D0e,1,0
0xDA344364c9D8cF0C230d24552c61B5a978cbdDc5,1,0
0xDa85b5A69a4E8aDaB9d07334C64e6717B75073a6,1,0
0xdAA398f9A589ac8155074D48B3181f75157c9B29,1,0
0xDaB1D33cc76D8A4e7B0dfaC5f839F226A9b5E653,1,0
0xdacE19d65488596Dc67722453afA52267958871D,1,0
0xDB94499A6fF41E4ed7850C13b4CA2dCAb3D40075,1,0
0xdbBc16eC59E3fdC4b63Ae057e7723Ca2A6f0b719,1,0
0xdbBD3f037fD8e9b7a9d8fAAF8ff4B7B29AE2c7f9,1,0
0xDbd300Eba0F755Bb06DA769A4E1A84E4330068AF,1,0
0xDBdd4012eE36022f8159a59EFd07c4D2a6D9F158,1,0
0xdbe31C0185ccD7b90C0C850d18De699924848e7d,1,0
0xDc622FDa6db4760fb50054762fEb27f272067661,1,0
0xdcE375c89e681cFcF56Fc145C4E946fa500012A4,1,0
0xDd55CA85E312A4F93347AB5e4a2A81E5C0FF73ca,1,0
0xDD789ad8743207C19eD4FBa79B384C4C3ADB1389,1,0
0xDDA3f4216c9c36D2C9Aaf864BbB9E2ea5a7f9fEd,1,0
0xDDfc1d22B8c0EA237A221d7a66c7fD621efC1e6f,1,0
0xDE3BE2209cCa865Fa26591EB1eB82f3198A9Bb6A,1,0
0xde4CA30765D94d5Ce976a4FC91a6B0B730C7b0f3,1,0
0xDE79fA44e6A37F437b2DC74E81e3958ABe9f000F,1,0
0xDf016d49Bb059b6A1ec651Bbc04c54dE701f5C47,1,0
0xDf03792e0479A02f5e9c856d6Ee9cE25F1A646Ca,1,0
0xdf6BAf1ad3801353CEA7019a7188637e3968463e,1,0
0xDf830f574B2f135cfeD4E565Ce1AA0a339Be7718,1,0
0xdFAFA4e6fA1Cf474603Ab4d67018893Cf1Ae55a0,1,0
0xe005088AD6e067750bA1773878D95051aeaD3c56,1,0
0xE0BBA9ef3bD7FB5E875Ec21F72ED5E021F68195d,1,0
0xe126dAf9F91439A4994267817C7fec26205F43ac,1,0
0xe1287b451731c5E8625410b59fdA8E9c8C240098,1,0
0xe12E8915D76A7CfA89889ca44ECE13629d22a650,1,0
0xe160431187D89a2f26a780a2e4cCCA581d7E4EBB,1,0
0xE161f3B3A8c817F78dE0821E442DF837E21F782B,1,0
0xe1b0B6Dc8d5E216622f2115d5A61BC243d607467,1,0
0xE1f1d9fFc6F5a2e699D1079e631A2110E8F38b24,1,0
0xe20C54BaE4826173346A50E48B78C60FA141d333,1,0
0xE21B47f3889688fA7391C0ef9f09D2DFA0afD71B,1,0
0xE22817A91A14D61cb3691954983663425F5513b1,1,0
0xe24596B74c8C1164Ed23F29EC57eb0Cd5ec77855,1,0
0xe25ae4E2756ebA9F49BBE175A3C45a994B77F903,1,0
0xE28450AadD2494B2953daa17453685F4a2a56F8a,1,0
0xE291D9c4dDaE96561FcE384fbFB8674C9961481d,1,0
0xE29285c6DD31efAF4ffa544c6D0Cf5Fb181621A2,1,0
0xe3115272dDCfE726A63e2D9B963C7eA8314D0d04,1,0
0xE35c31E6A98Bec760680B6c80E6929948Dc4E99C,1,0
0xe37501ECa5D23B5817E0156590767b6f9B4C84BD,1,0
0xe376705caAcc70a5a1b040D024C8A331fF8A66Ca,1,0
0xe38368710d96Ac19dE26753c1d858545ae3792CE,1,0
0xE3D0cD9AC285f63164bB7E64079051DED0253573,1,0
0xE3d5cc3fC37F01E71a6e48b1E769Ef4D1FD06077,1,0
0xe3DD6e80f51E016c15Be8bE3Fd911343613FC9C6,1,0
0xE468819dC63ACE42f071E43a42C499fA8d115f00,1,0
0xE4e415123Fd11c051496aBb99352c9E729b022c3,1,0
0xe538eB2F128634a95a0cE48f9efB3b6B58D1b3Eb,1,0
0xE5499480013Fa238d6f1046ce7182dD1775417d6,1,0
0xe550Ff4c89712409f9d70D0A5cc434A145237881,1,0
0xE57Ad0575EEB7b289553073F81ad5913681A2429,1,0
0xe5a29dD439C648311921A09E56e192437bF5fa7f,1,0
0xE5F32B201C4aE457D10239bE399ecD5BAa2C4475,1,0
0xE5Feed3f3111f7e2440b013B9866942242F61235,1,0
0xe6129de8f3f2001062495aea4B685DDeD6fF0e4c,1,0
0xe63f3A119C48938062794C6573B834944f151191,1,0
0xE65a3AA10e45142F243C4832E67a3Be201420ddD,1,0
0xe6a808e48ACdbCAD1403c2Ba0D28FE6e3699A550,1,0
0xe719Dd3ebE4AaEA3a15cBc9FbEee9a6f328c090E,1,0
0xe72DFE268552aAf4A4dC37CEBB0608C16a6C43c5,1,0
0xe77FB6d4a9d94d919FD290f2EF1a21b618Ba9EB2,1,0
0xE7A8432Ab49121c7284Da787Fb3b76B44064E445,1,0
0xE83deD34AdbE4B52B1611dCA0ea4FCF23F3eE01f,1,0
0xE84f05A482C8C872d0327C1E61C95b4F5a2aFB8c,1,0
0xE883727fb98574913a9e8a4884557D27C333e881,1,0
0xE8aa1E464952e51E497007151C9661Dc4cB12915,1,0
0xe8ceD5c467F880837c7fA3F2F05Cb99403e6CcEE,1,0
0xe8eF847B7caD43b65Eca02297EEB3C20c64d3FaA,1,0
0xe931064219a5f51E27A4A9319952c56a7540ac62,1,0
0xE951D6Ed0f9d9F4898bae91960Ed640698fb233A,1,0
0xE9971BE4F5D9BC3f0Ee7b2E406022433505ABD72,1,0
0xE9d1DF9599aec35384baca563ee4F6E44b15664A,1,0
0xeA14f9A57B1e3C311593E421d1f05C8218fc686e,1,0
0xEA2F79BCE55908A11E0BF7dFfb855C962041674f,1,0
0xEA3339a9AaC6e3C7eFECd9E9c9993f3A0163d7be,1,0
0xea98b0D7f245B6Ed6774A5E37eF1Ce29a48cf0fd,1,0
0xEab804590011d0650FcB6c4Da1870C6e9ca062D1,1,0
0xeb09081242B1Be54a98598540e788695a501B23f,1,0
0xEb0A73934c99ed7E150F343bf2F56c662FeAF2C1,1,0
0xEB0F17b7aA4544015C945a3c492fFba3E99AEe52,1,0
0xEB256fe71eD492dc4d03Ea0B9152d3997bB83c58,1,0
0xebd786e8629db9DaEc41Ef580D7F97F3959545A1,1,0
0xeC21368D901d8693a54498a57488178D17e7E888,1,0
0xecD1af038815fBea7D5c867d53D4bf8657Af9404,1,0
0xeD3e6CD6B518a89f6dcdE582425e5cB7489178F0,1,0
0xeD6F6da3dCC321B745933e8c07BEb682B5bE5AFf,1,0
0xeD9a729c7a800F82BA2356eC2CbEe633b947aA28,1,0
0xEd9bBf4711Eb9b8EE73f2B17aF40606069DEF6e2,1,0
0xedA17E0A0B1635BC91ED5830A56F3C340aa0F5f9,1,0
0xeDB7CCF5fB988fdd910f3F33CbdE133b8fE64Bee,1,0
0xEE279160e5d0Dc190E3995FCFCdce1ca19E04f50,1,0
0xeE4FfED81C85d60b197dB47c232C79902101bafa,1,0
0xEe9a6314d19Ff3DF14c2E49E06005068c1e2e5dA,1,0
0xeeA8f6Dd11c44115DEC8d5640eab3771980A2086,1,0
0xeeb3F45eCeaeeA0AdaeC1375984F45EFdC1E0F39,1,0
0xEed558fedbAA8F99A169DFd4dEfc400e96C00cd6,1,0
0xEF401f073C731ED6c32c0EB971686482db58410d,1,0
0xeF41421593f0211154665670Ffb925c63243c3C6,1,0
0xEF8F0d7684D4405B5c51AEF023675946D5992b29,1,0
0xeFA54f09c318984c21DA1a942775d1fD7AD889a9,1,0
0xeFB2f92C013272549a0c9232A11142996ea7d8c1,1,0
0xEfDCE6eC63C067D52Cae548ccbfbAb3c777A8960,1,0
0xF132ea4610d4F278D611E1a177aca5280F89fB99,1,0
0xf1823DFE99A87407AbF2f8f8B9d0f51737D25E59,1,0
0xF18c18Ba94F5a61e831fcB47CAbA8574a86b679E,1,0
0xF1d888d59d360059222F21691B030efa114582Fc,1,0
0xF1D9236cf239C58384405cD79bA8775A242B420d,1,0
0xf207A4633400fCef71FFcc8ec82818CadD9Fd0a5,1,0
0xF2315E7c6671A3502A4548d619AF779eB222fB51,1,0
0xf24c2aacdD817B9DC752880b0Fc52f78619bf9B8,1,0
0xf3E4D4c934daB2AC2B7169a182a343D71c6F5C32,1,0
0xf406aed3369614123eB6c8ea6afB12995D49dBdB,1,0
0xf4a03233b23fDAc17be35783d0D3F539E154aE22,1,0
0xf4da7f35a969f39fA5074849055404682dFA76e1,1,0
0xF51e815A8d7F93D5b3420279993F53538fdcEbC2,1,0
0xF63B3B4F138075d4E6785db9a5ec9657eC5969EB,1,0
0xf6444d84937f5B5F16305f84C2B2e07F678A9663,1,0
0xf66d4094d0c66fC43494B453008f6853b4A45c89,1,0
0xF6a013047EbC1651D41706E8bF82569b11844270,1,0
0xF70aaccBC01A82F66a25fdcf38A111B5c18eC531,1,0
0xF7746F6A6E945865656Ae6E51ca89F3E215C9BbC,1,0
0xf775eAaa6177d7852FF40e14d6B1E9b60C0a5C3a,1,0
0xF77674393E9FBF4D739e95c6105CD370A04eb7aF,1,0
0xf801a1c2f1BE24A0278Dd3A8c0B3Ff3d965d9d21,1,0
0xF825C91eE69D5d0432bC08B125C6c6Be637f4943,1,0
0xf8744fddA5534391d5Df5DF2d7411b94714B386C,1,0
0xF88C303D383AC9053841531fB64720cF92a8d8D6,1,0
0xf8938aDdf94eF38295CD0666B5C1F31e447ED034,1,0
0xf8eae804C7c38E16c378a9aA35bDF55DB9bFba8f,1,0
0xf9141e1eEd58f571d5782ef20Ad5d47173AC6Acc,1,0
0xF98C418fa3d6c0E3B20388563c931a018d27eC94,1,0
0xF9e79BCcfe57f9Be13a7D5026d96A294c1C03734,1,0
0xFA0e543469b5F9A45F3fDbA1BC163c878253446C,1,0
0xFA566392477D8D842a0E9389029f05d090970b1A,1,0
0xFabF559d5A35Fe812D7F8fB1C7e9301508167518,1,0
0xfAC8f5c063bBA269571FB22F707AFC9F296a98c5,1,0
0xfAD4872880349cD1f120Fa769407F344191951a7,1,0
0xFb60594E45CFB9A5E823fD991cbd2cacA82a1E77,1,0
0xFB8E1010A24C24BFdA9103500C39b6196A8bFa2d,1,0
0xfb94ED79DdC3bf0a1dE9eA363449EfF666432F54,1,0
0xfBb73Bbe8e55796623ea23D4fbcf496d2F08A912,1,0
0xFBcf9e1134789977C98be2BAA18e259666dDb948,1,0
0xfc2b7aC412C821d3C0F098fD9631B202f614C5B5,1,0
0xFC52d238E7c846AF2053c8a5a918FAEF35dB5158,1,0
0xfcd65b6f7B33bE781aB6881D5F4ec83fe4Fd9d02,1,0
0xFd240Ca6235765E6989270142C9e9a4E705Fbe53,1,0
0xFD7Df5e38Ce62825e2eA28f2B5C48879E550cf16,1,0
0xfDe867Ad3Ce97941D27055c49617fE510FbD8a0B,1,0
0xFf2420a08B4CbA07A79953bbDF131788CB36F859,1,0
0xFF7Ab9700A44C8C8A0E983362457868D7644e3a9,1,0
0xfFC3008c87037A727827a30f5AbA0AEb5Bee7C78,1,0
0xfFEC90fad1f7fbca154a5248d329Dd9764e03fd4,1,0
0xFFF37B9427C715fd6c6B319586812D8818eda940,1,0